<?xml version="1.0" encoding="ISO-8859-1"?>
<NLS_STRINGS>
	<!--  To Developers:
		Please refer to the document NLS.doc under NLS Development Integration API in the
		team room for detail description of the API and how this xml file is used. But in
		short:

		put your strings in the following fomat:
	
			<YOUR_STRING_ID_1>your string  goes here</YOUR_STRING_ID_1>

		Where YOUR_STRING_ID_1 is the name of your token ID for the string.
		For text substitution use %1, %2, %3, etc.
		The location of this file (for en-US locale) is sqllib\msg\en-US, and make sure
		either the top level directory of sqllib\msg\en-US is in your system PATH environment or
		the env variable DB2PATH points to your sqllib directory  -->

	<!--  To Translators:

		I) Encoding
			Although most (if not all) XML editors automatically insert the proper 
			encoding data in the XML prolog section of the db2vsnls.xml, it is beneficial 
			for the translators to note the following:


			For European/Unicode languages the xml prolog must be:
				<?xml version="1.0" encoding="ISO-8859-1" ?> 

			For Japanese the xml prolog must be:
				<?xml version="1.0" encoding="Shift-JIS" ?> 

			For Chinese the xml prolog must be one of the following:

				Traditional Chinese
					<?xml version="1.0" encoding="Big5" ?> 
				Simplified Chinese
					<?xml version="1.0" encoding="GB2312" ?> 
			
		II) String substitution
			Please note that the tokens %1, %2, %3, etc. appearing in strings are 
                        placeholders for  text substitutions. So for example:
				Hello my name is %1 and I work at %2
			Above string indicates that at runtime the caller will pass
			a name to be replaced in place of %1, and a location name to replace
			%2. So for example in this
			case the program will pass the string "John" and "SVL" the returned
			string would be "Hello my name is John and I work at SVL".
	-->

<!-- NLS special section -->
<!-- This is the font that will be used in the locale specific GUI -->
<!-- For en_US, it is Name=Arial, Size=8. -->

<NLS_FONT_NAME>Arial</NLS_FONT_NAME>
<NLS_FONT_SIZE>8</NLS_FONT_SIZE>

<!-- End of special NLS section -->

<!--  Generic messages  -->
<GENERAL_NEXT_LABEL>&amp;Next</GENERAL_NEXT_LABEL>
<GENERAL_FINISH_LABEL>&amp;Finish</GENERAL_FINISH_LABEL>
<GENERAL_BACK_LABEL>&amp;Back</GENERAL_BACK_LABEL>
<CTL_ADD_BTN_LBL_TEXT>&amp;Add</CTL_ADD_BTN_LBL_TEXT>
<CTL_REMOVE_BTN_LBL_TEXT>&amp;Remove</CTL_REMOVE_BTN_LBL_TEXT>
<YES_KEYWORD>Yes</YES_KEYWORD>
<NO_KEYWORD>No</NO_KEYWORD>
<BTN_HELP_TEXT>&amp;Help</BTN_HELP_TEXT>
<BTN_CANCEL_TEXT>&amp;Cancel</BTN_CANCEL_TEXT>
<BTN_OK_TEXT>&amp;OK</BTN_OK_TEXT>
<CTL_EXTERNAL_NAME>E&amp;xternal name</CTL_EXTERNAL_NAME>
<IBM_GENERAL_HELP_TITLE_DESC>Informix Visual Studio Help - IBM Corporation</IBM_GENERAL_HELP_TITLE_DESC>




<!--  Help registration utility log strings  -->
<HLP_OPENING_FILE>Opening XML Help Registration Description File: </HLP_OPENING_FILE>
<ERR_TITLE>Informix Help Registration Error</ERR_TITLE>
<HLP_REGISTERING_NAMESPACE>Registering Collection:</HLP_REGISTERING_NAMESPACE> 
<HLP_REGISTERING_TITLES>Registering Title:</HLP_REGISTERING_TITLES>
<HLP_FIX_THE_PROBLEMS>Please fix the following problems and try again!</HLP_FIX_THE_PROBLEMS>
<HLP_FIX_TITLE>Registration Failed</HLP_FIX_TITLE>
<HLP_REG_STARTING>Informix Help Registration File Process Starting: </HLP_REG_STARTING>
<HLP_NAMESPACE_EXTRACTED>Namespace: </HLP_NAMESPACE_EXTRACTED>
<HLP_COLLECTION_EXTRACTED>Collection File: </HLP_COLLECTION_EXTRACTED>
<HLP_TITLE_EXTRACTED>Title File: </HLP_TITLE_EXTRACTED>
<HLP_FILTER_TITLE>Filter Title: </HLP_FILTER_TITLE>
<HLP_FILTER_ATTRIBUTES>Filter Attribute: </HLP_FILTER_ATTRIBUTES>
<HLP_FILTER_VALUES>Filter Value:</HLP_FILTER_VALUES> 
<HLP_REMOVING_NAME_SPACE>Removing the namespace: </HLP_REMOVING_NAME_SPACE>
<ERR_REG_FAILED>...Fatal Error.....Process Failed! Save the log file and contact customer support:</ERR_REG_FAILED>
<HLP_LOCALE>Locale Language: </HLP_LOCALE>
<HLP_DIVIDER>============================================================</HLP_DIVIDER>						
<HLP_EXTRACTING_FILTERS>Reading Filters...</HLP_EXTRACTING_FILTERS>
<HLP_EXTRACTING_COLLECTIONS>Reading Collections...</HLP_EXTRACTING_COLLECTIONS>
<HLP_EXTRACTING_TITLES>Reading Titles...</HLP_EXTRACTING_TITLES>
<HLP_COMPLETED_WITH_SUCCESS>Informix-VS .NET Help Integration Completed Successfully!</HLP_COMPLETED_WITH_SUCCESS>
<HLP_TITLEFILE_EXTRACTED>Title Help File Extracted: </HLP_TITLEFILE_EXTRACTED>
<HLP_TITLEINDEX_EXTRACTED>Title Help Index File Extracted:</HLP_TITLEINDEX_EXTRACTED> 
<HLP_TITLE_ID_EXTRACTED>Title ID Extracted: </HLP_TITLE_ID_EXTRACTED>
<HLP_DESCRIPTION_EXTRACTED>Description Extracted: </HLP_DESCRIPTION_EXTRACTED>
<HLP_EXTRACTING_PLUGINS>Reading Plugins</HLP_EXTRACTING_PLUGINS>
<HLP_PARENT_NAMESPACE_EXTRACTED>Reading Parent Namespace: </HLP_PARENT_NAMESPACE_EXTRACTED>
<HLP_CHILD_NAMESPACE_EXTRACTED>Reading Child Namespace: </HLP_CHILD_NAMESPACE_EXTRACTED>
<HLP_HXAFILE_NAME_EXTRACTED>Reading Child HxA File: </HLP_HXAFILE_NAME_EXTRACTED>
<HLP_HXTFILE_NAME_EXTRACTED>Reading Child HxT File: </HLP_HXTFILE_NAME_EXTRACTED>
<HLP_REGISTERING_PLUGINS>Registering Plugin: </HLP_REGISTERING_PLUGINS>
<HLP_UNREG_COMPLETED_WITH_SUCCESS>Help Removal Completed With Success!</HLP_UNREG_COMPLETED_WITH_SUCCESS>
<HLP_UNREGISTERATION_FOR_REGISTER>Removing before starting the new Registration...</HLP_UNREGISTERATION_FOR_REGISTER>
<HLP_UNREGISTERING_PLUGINS>Removing Plugin: </HLP_UNREGISTERING_PLUGINS>
<HLP_UNREGISTERING_TITLES>Removing Title Help: </HLP_UNREGISTERING_TITLES>
<ERR_INVALID_SWITCH>Usage: -u to Unregister, -r to Register</ERR_INVALID_SWITCH>
<ERR_TITLE_ERROR>Invalid Command Switch</ERR_TITLE_ERROR>
<HLP_STARTING_REMOVAL>Informix Help Removal Process Starting: </HLP_STARTING_REMOVAL>
<HLP_UNREGISTERING_FILTERS>Removing Filter: </HLP_UNREGISTERING_FILTERS>
<HLP_REGISTERING_FILTERS>Registering Filter: </HLP_REGISTERING_FILTERS>
<HLP_WARNING_NO_FILT_NAMESPACE>Warning: Filter Namespace does not exist: </HLP_WARNING_NO_FILT_NAMESPACE>
<HLP_WARNING_NO_PLUGP_NAMESPACE>Warning: Plugin Parent Namespace does not exist: </HLP_WARNING_NO_PLUGP_NAMESPACE>
<HLP_WARNING_NO_PLUGC_NAMESPACE>Warning: Plugin Child Namespace does not exist:</HLP_WARNING_NO_PLUGC_NAMESPACE> 
<HLP_WARNING_NO_TITLE_NAMESPACE>Warning: Title Namespace does not exist: </HLP_WARNING_NO_TITLE_NAMESPACE>
<ERR_DUP_COL>Error: Duplicate COLLECTION Entry Encountered:</ERR_DUP_COL> 
<ERR_DUP_TITLE>Error: Duplicate TITLE Entry Encountered: </ERR_DUP_TITLE>
<ERR_DUP_PLUGIN>Error: Duplicate PLUGIN Entry Encountered:</ERR_DUP_PLUGIN> 
<ERR_DUP_FILTER>Error: Duplicate FILTER Entry Encountered: </ERR_DUP_FILTER>
<ERR_INVALID_NAMESPACE>Error: No or Invalid namespace was detected</ERR_INVALID_NAMESPACE>
<ERR_INVALID_COLFILE>Error: No or Invalid Collection file was detected</ERR_INVALID_COLFILE>
<ERR_INVALID_COLDESC>Error: No Description is provided for the Collection</ERR_INVALID_COLDESC>
<ERR_INVALID_TITLENS>Error: No namespace is provided for the Title</ERR_INVALID_TITLENS>
<ERR_INVALID_TITLEFILE>Error: No name for the Title Help file is provided</ERR_INVALID_TITLEFILE>
<ERR_INVALID_TITLEID>Error: No Title ID is provided</ERR_INVALID_TITLEID>
<ERR_INVALID_PLUGNS>Error: No Parent Namespace is provided for plug-in</ERR_INVALID_PLUGNS>
<ERR_INVALID_PLUGCNS>Error: No Child Namespace is provided for plug-in</ERR_INVALID_PLUGCNS>
<ERR_INVALID_PLUGHXA>Error: No HXA file has been specified for the plug-in</ERR_INVALID_PLUGHXA>
<ERR_INVALID_FILTERNS>Error: No Namespace is specified for the Filter</ERR_INVALID_FILTERNS>
<ERR_INVALID_FILTERTITLE>Error: No Title ID is specified for the Filter</ERR_INVALID_FILTERTITLE>
<ERR_INVALID_FILTERVALUE>Error: No Filter Value is specified for the Filter Query</ERR_INVALID_FILTERVALUE>
<ERR_INVALID_FILTERATTR>Error: No Filter Attribute is specified for the Filter Query</ERR_INVALID_FILTERATTR>
<HLP_WARNING_UNREG>Nothing to remove -- Process OK, No Errors Detected: -- </HLP_WARNING_UNREG>
<HLP_WARNING_REG_NOTOK>Unable to Register: </HLP_WARNING_REG_NOTOK>
<HLP_WARNING_TITLE_UNREG>Unable to do Filter Removal: Nothing to Remove - Process OK: </HLP_WARNING_TITLE_UNREG>
<HLP_TITLE_WARNING_REG>Unable to Register Title: Process OK:</HLP_TITLE_WARNING_REG> 
<HLP_FILT_WARNING>Unable to do Filter Registration -- Process OK:  </HLP_FILT_WARNING>
<HLP_WARN_FLT_UNREG>Unable to do Filter removal -- Process OK:</HLP_WARN_FLT_UNREG>

<!--  Code generation engine related strings  -->
<GENCODE_SETTING_CONN_STRING>Set up the DB Connection String to: "%1"</GENCODE_SETTING_CONN_STRING>
<GENCODE_SETTING_UP_SELECT>Set up the SELECT statement object for "%1" (database = "%2")</GENCODE_SETTING_UP_SELECT>
<GENCODE_ERR_NO_OPEN_PROJ>You must have a project open.</GENCODE_ERR_NO_OPEN_PROJ>
<GENCODE_ERR_NO_PROJ_TITLE>No Project Available</GENCODE_ERR_NO_PROJ_TITLE>
<GENCODE_ERR_NO_CODE_MODEL>Unable to get code model from the document</GENCODE_ERR_NO_CODE_MODEL>
<GENCODE_ERR_NO_CODE_MODELTITLE>No Code Model</GENCODE_ERR_NO_CODE_MODELTITLE>
<CODEGEN_CONN_VAR_DECL>%1 is the object to handle the connection for "%2"  </CODEGEN_CONN_VAR_DECL>
<CODEGEN_SEL_CMND>Informix Select command object is used in conjunction with %1 object for query of "%2"</CODEGEN_SEL_CMND>
<CODEGEN_DEL_CMND>Informix Delete command object used in conjunction with %1 object for "%2"</CODEGEN_DEL_CMND>
<CODEGEN_INSERT_CMND>Informix Insert command object used in conjunction with %1 object for inserting values into "%2" Database</CODEGEN_INSERT_CMND>
<CODEGEN_UPDATE_CMND>Informix Update command object used in conjunction with %1 object for update of database "%2"</CODEGEN_UPDATE_CMND>
<CODEGEN_DATA_ADATPER_CMND>Data adapter object for %1 (database="%2")</CODEGEN_DATA_ADATPER_CMND>
<CODEGEN_INITIALIZERS>Initializers for "%1"s Informix command objects (database = "%2")</CODEGEN_INITIALIZERS>
<GENCODE_SETTING_UP_INSERT>Set up the INSERT statement object for "%1" (database = "%2")</GENCODE_SETTING_UP_INSERT>
<GENCODE_SETTING_UP_UPDATE>Set up the UPDATE statement object for "%1" (database = "%2")</GENCODE_SETTING_UP_UPDATE>
<GENCODE_SETTING_UP_DELETE>Set up the DELETE statement object for "%1" (database = "%2")</GENCODE_SETTING_UP_DELETE>
<GENCODE_ADD_TO_INSERT_PARAM>Create an entry for each column of "%1" in the Insert command %2</GENCODE_ADD_TO_INSERT_PARAM>
<GENCODE_ADD_TO_UPDATE_PARAM>Create an entry for each column of "%1" that appears in the UPDATE SET clause</GENCODE_ADD_TO_UPDATE_PARAM>
<GENCODE_ADD_TO_UPDATE_PARAM2>Now do the same for all columns appearing in the WHERE clause of "%1"s UPDATE statement</GENCODE_ADD_TO_UPDATE_PARAM2>
<GENCODE_ADD_TO_DELETE_PARAM>Create an entry for each column of "%1" that appears in the WHERE of clause of its DELETE statement</GENCODE_ADD_TO_DELETE_PARAM>
<CODEGEN_COL_HAS_NO_KEYSEQ>Column %1 is a primary key but its XML "COLUMN KEYSEQ" node has no value for it!</CODEGEN_COL_HAS_NO_KEYSEQ>
<CODEGEN_DUP_COL_KEYSEQ_VALUE>Duplicate KEYSEQ number encountered. %1 is the duplicate KEYSEQ column.</CODEGEN_DUP_COL_KEYSEQ_VALUE>
<CODEGEN_GENERAL_ERROR>General Error: %1</CODEGEN_GENERAL_ERROR>
<CODEGEN_ERROR_TITLE>General Error</CODEGEN_ERROR_TITLE>
<CODEGEN_NO_TABLE_NAME>No Table or View Name found during building of the SELECT statement. Using the following default: %1</CODEGEN_NO_TABLE_NAME>
<CODEGEN_EMPTY_STRING>Null String</CODEGEN_EMPTY_STRING>
<CODEGEN_SETUP_VARIABLES>Declare the command objects for "%1" ===> database "%2"</CODEGEN_SETUP_VARIABLES>
<CODEGEN_ALL_IDENTITY_COLUMNS>No Update statement could be generated since all selected columns of "%1" are IDENTITY columns!</CODEGEN_ALL_IDENTITY_COLUMNS>
<CODEGEN_NO_COLUMNS_U>No UPDATE or DELETE statement could be generated since table %1 has no columns!</CODEGEN_NO_COLUMNS_U>
<CODEGEN_NO_COLUMNS_I>No INSERT or SELECT statement could be generated since table %1 has no columns!</CODEGEN_NO_COLUMNS_I>
<CODEGEN_ALL_IDENTITY_I_COLUMNS>No Insert statement could be generated since all selected columns of "%1" are IDENTITY columns!</CODEGEN_ALL_IDENTITY_I_COLUMNS>
<CODEGEN_SETUP_VARIABLES_SP>Declare the Informix Command variable for %1:  "%2" (Database = "%3")</CODEGEN_SETUP_VARIABLES_SP>
<CODEGEN_STORED_PROC>Procedure</CODEGEN_STORED_PROC>
<CODEGEN_INITIALIZERS_SP>Instantiate the SQL Informix command for %1: "%2" (database="%3")</CODEGEN_INITIALIZERS_SP>
<CODEGEN_UDF_PROC>Function</CODEGEN_UDF_PROC>
<CODEGEN_IBM_ADO_GENCODE>IBM ADO generated code</CODEGEN_IBM_ADO_GENCODE>
<CODEGEN_IBM_GEN_COMMENT_0>NOTE: The following call is required by the IBM Informix ADO engine.</CODEGEN_IBM_GEN_COMMENT_0>
<CODEGEN_IBM_GEN_COMMENT_1>NOTE: The following procedure is required by the IBM Informix ADO engine.</CODEGEN_IBM_GEN_COMMENT_1>
<CODEGEN_IBM_GEN_COMMENT_2>It can be modified using the Windows Form Designer.</CODEGEN_IBM_GEN_COMMENT_2>
<CODEGEN_IBM_GEN_COMMENT_3>Do not modify it using the code editor.</CODEGEN_IBM_GEN_COMMENT_3>

<!--  Command Text Editor  -->
<NMP_DB2CMD_PAGE_LBL>SQL</NMP_DB2CMD_PAGE_LBL>
<NMP_DB2PARAM_PAGE_LBL>Parameters</NMP_DB2PARAM_PAGE_LBL>
<NMP_DB2CMD_CLEAR_BTN_PAGE_LBL>C&amp;lear</NMP_DB2CMD_CLEAR_BTN_PAGE_LBL>
<DB2CMD_DLG_CNCL_BTN_LABEL>&amp;Cancel</DB2CMD_DLG_CNCL_BTN_LABEL>
<DB2CMD_DLG_HELP_BTN_LABEL>&amp;Help</DB2CMD_DLG_HELP_BTN_LABEL>
<DB2CMD_DLG_OK_BTN_LABEL>&amp;OK</DB2CMD_DLG_OK_BTN_LABEL>
<DB2CMD_DLG_TITLE_LABEL>IBM Informix Command Text Editor</DB2CMD_DLG_TITLE_LABEL>


<!--  Data Adapter Wizard  -->
<NM_DAWIZARD_TITLE>Informix Data Adapter Configuration Wizard</NM_DAWIZARD_TITLE>
<NMP_DAWIZARD_WELCOME_INTRO>Welcome to the Informix Data Adapter Configuration Wizard</NMP_DAWIZARD_WELCOME_INTRO>
<NMP_DAWIZARD_WELCOME_DESC>This wizard will help you specify the connection information and commands that the Informix data adapter uses to select, update, delete, and insert database records. Successful completion of this wizard depends on the permissions that you have in the database.</NMP_DAWIZARD_WELCOME_DESC>
<NMP_DAWIZARD_WELCOME_CLICK>To continue, click Next</NMP_DAWIZARD_WELCOME_CLICK>
<NMP_DAWIZARD_CONPAGE_CAPTION>Informix Data Connection</NMP_DAWIZARD_CONPAGE_CAPTION>
<NMP_DAWIZARD_CONPAGE_DESC>The IBM Informix Data Adapter will use this connection to execute the query to load and update data.</NMP_DAWIZARD_CONPAGE_DESC>
<NMP_DAWIZARD_CONPAGE_DETAIL_DESC>Create a new connection or reconfigure the connection shown in the listbox, if any.</NMP_DAWIZARD_CONPAGE_DETAIL_DESC>
<NMP_DAWIZARD_CONPAGE_CONCOMBO_DESC>Data connection</NMP_DAWIZARD_CONPAGE_CONCOMBO_DESC>
<NMP_DAWIZARD_CONPAGE_NEWCON_BTN_LBL>N&amp;ew Connection...</NMP_DAWIZARD_CONPAGE_NEWCON_BTN_LBL>
<NMP_DAWIZARD_CONPAGE_TITLEBAR>Step 1</NMP_DAWIZARD_CONPAGE_TITLEBAR>
<NMP_DAWIZARD_SQLOPTPAGE_CAPTION>SQL Statement Options</NMP_DAWIZARD_SQLOPTPAGE_CAPTION>
<NMP_DAWIZARD_SQLOPTPAGE_DESC>Choose Command Options and Command type; The IBM Informix Data Adapter will use the SQL INSERT, UPDATE, and DELETE statements to update the data source.</NMP_DAWIZARD_SQLOPTPAGE_DESC>
<IFX_DAWIZARD_COMMANDOBJECTS>Command Objects</IFX_DAWIZARD_COMMANDOBJECTS>
<IFX_DAWIZARD_COMMANDTYPE>Command Type</IFX_DAWIZARD_COMMANDTYPE>
<IFX_DAWIZARD_TEXT_SQLSTATEMENTS>Text (SQL Statements)</IFX_DAWIZARD_TEXT_SQLSTATEMENTS>
<IFX_DAWIZARD_STOREDPROC>Stored Procedure</IFX_DAWIZARD_STOREDPROC>
<NMP_DAWIZARD_SQLOPTPAGE_TITLEBAR>Step 2</NMP_DAWIZARD_SQLOPTPAGE_TITLEBAR>
<NMP_DAWIZARD_SQLOPTPAGE_DESC_DETAIL>If your Informix data adapter is used to update the data source, the wizard can generate the INSERT, UPDATE, and DELETE statements. The wizard will also step you through the generated statements for further modification and optimization. The Informix Data Adapter will use the SQL INSERT, UPDATE, and DELETE statements to update the data source.</NMP_DAWIZARD_SQLOPTPAGE_DESC_DETAIL>
<NMP_DAWIZARD_SQLOPTPAGE_GENUPDATE>Generate SQL &amp;UPDATE statement</NMP_DAWIZARD_SQLOPTPAGE_GENUPDATE>
<NMP_DAWIZARD_SQLOPTPAGE_GENINSERT>Generate SQL &amp;INSERT statement</NMP_DAWIZARD_SQLOPTPAGE_GENINSERT>
<NMP_DAWIZARD_SQLOPTPAGE_GENDELETE>Generate SQL &amp;DELETE statement</NMP_DAWIZARD_SQLOPTPAGE_GENDELETE>
<NMP_DAWIZARD_SQLOPTPAGE_GENSELECT>Generate SQL &amp;SELECT statement</NMP_DAWIZARD_SQLOPTPAGE_GENSELECT>
<NMP_DAWIZARD_SELECTPAGE_CAPTION>SQL SELECT Statement</NMP_DAWIZARD_SELECTPAGE_CAPTION>
<NMP_DAWIZARD_SELECTPAGE_DESC>The IBM Informix Data Adapter will use SELECT statement to load the data into the data set.</NMP_DAWIZARD_SELECTPAGE_DESC>
<NMP_DAWIZARD_SELECTPAGE_TITLEBAR>Step 3</NMP_DAWIZARD_SELECTPAGE_TITLEBAR>
<NMP_DAWIZARD_DB2PARAM_BTN_LBL>&amp;Parameters...</NMP_DAWIZARD_DB2PARAM_BTN_LBL>
<NMP_DAWIZARD_SELECTPAGE_EDITBOX_DESC_LBL>SQL &amp;SELECT statement </NMP_DAWIZARD_SELECTPAGE_EDITBOX_DESC_LBL>
<NMP_DAWIZARD_SUMMARY_CAPTION>Summary</NMP_DAWIZARD_SUMMARY_CAPTION>
<NMP_DAWIZARD_SUMMARYPAGE_DESC>The Wizard is about to commit the configuration information, click "Finish" to save or "Back" to make changes.</NMP_DAWIZARD_SUMMARYPAGE_DESC>
<NMP_DAWIZARD_SUMMARYPAGE_LBL>The wizard will perform the following tasks to configure the data adapter.</NMP_DAWIZARD_SUMMARYPAGE_LBL>
<NMP_DAWIZARD_DB2AUTO_GENBTN_LBL>&amp;Generate</NMP_DAWIZARD_DB2AUTO_GENBTN_LBL>
<NMP_DAWIZARD_INSERTPAGE_CAPTION>SQL INSERT Statement</NMP_DAWIZARD_INSERTPAGE_CAPTION>
<NMP_DAWIZARD_INSERTPAGE_DESC>The INSERT statement is used to add new data to the data source. You can either generate the statement, or type the statement.</NMP_DAWIZARD_INSERTPAGE_DESC>
<IFX_DAWIZARD_INSERTPAGE_NOGENERATE_DESC>The INSERT statement is used to add new data to the data source.</IFX_DAWIZARD_INSERTPAGE_NOGENERATE_DESC>
<NMP_DAWIZARD_STEP_TITLEBAR>Step %1</NMP_DAWIZARD_STEP_TITLEBAR>
<NMP_DAWIZARD_INSERTPAGE_EDITBOX_DESC_LBL>SQL &amp;INSERT statement </NMP_DAWIZARD_INSERTPAGE_EDITBOX_DESC_LBL>
<NMP_DAWIZARD_DELETEPAGE_CAPTION>SQL DELETE Statement</NMP_DAWIZARD_DELETEPAGE_CAPTION>
<NMP_DAWIZARD_DELETEPAGE_DESC>The DELETE statement is used to delete data from the data source. You can either generate the statement, or type the statement.</NMP_DAWIZARD_DELETEPAGE_DESC>
<IFX_DAWIZARD_DELETEPAGE_NOGENERATE_DESC>The DELETE statement is used to delete data from the data source.</IFX_DAWIZARD_DELETEPAGE_NOGENERATE_DESC>
<NMP_DAWIZARD_DELETEPAGE_EDITBOX_DESC_LBL>SQL &amp;DELETE statement</NMP_DAWIZARD_DELETEPAGE_EDITBOX_DESC_LBL>
<NMP_DAWIZARD_UPDATEPAGE_CAPTION>SQL UPDATE Statement</NMP_DAWIZARD_UPDATEPAGE_CAPTION>
<NMP_DAWIZARD_UPDATEPAGE_DESC>The UPDATE statement is used to update the data source.  You can either generate the statement, or type the statement.</NMP_DAWIZARD_UPDATEPAGE_DESC>
<IFX_DAWIZARD_UPDATEPAGE_NOGENERATE_DESC>The UPDATE statement is used to update the data in the data source.</IFX_DAWIZARD_UPDATEPAGE_NOGENERATE_DESC>
<NMP_DAWIZARD_UPDATETEPAGE_EDITBOX_DESC_LBL>SQL &amp;UPDATE statement</NMP_DAWIZARD_UPDATETEPAGE_EDITBOX_DESC_LBL>
<NMP_DAWIZARD_SUMMARY_DETAIL_DESCEXP>%1: %2</NMP_DAWIZARD_SUMMARY_DETAIL_DESCEXP>
<NMP_DAWIZARD_SUMMARYPAGE_FIN_MSG_LBL>To change a selection, click Back to return to previous pages of the wizard.</NMP_DAWIZARD_SUMMARYPAGE_FIN_MSG_LBL>
<NMP_DAWIZARD_SQLOPTPAGE_GENTBL_MAPPINGS>Generate table mappings</NMP_DAWIZARD_SQLOPTPAGE_GENTBL_MAPPINGS>

<!--  The message displayed when an invalid command line is entered for
     the db2vsreg application 
 -->
<DB2VSREG_USAGE>
Command usage: ifxvsreg [-register | -unregister] 
Command Options:
  -register : registers the specified targets.  This is the default if neither -register nor -unregister is specified.
  -unregister : unregisters the specified targets.

</DB2VSREG_USAGE>

<!--  The settings file for the db2vsreg command could not be found.
 -->
<DB2VSREG_SETTINGS_FILE_NOT_FOUND>
The settings file for the ifxvsreg command could not be found, or was not well-formed.
</DB2VSREG_SETTINGS_FILE_NOT_FOUND>

<!--  An error occurred while reading or attempting to read the settings file.
 -->
<DB2VSREG_SETTINGS_FILE_READ_ERROR>
An error occurred while reading or attempting to read the settings file.
</DB2VSREG_SETTINGS_FILE_READ_ERROR>

<!--  The log file could not be created.
-->
<DB2VSREG_LOG_FILE_NOT_CREATED>The log file could not be created.</DB2VSREG_LOG_FILE_NOT_CREATED>

<!--  There are no targets defined in the settings file. 
 -->
<DB2VSREG_SETTINGS_FILE_NO_TARGET>
There are no targets defined in the settings file.
</DB2VSREG_SETTINGS_FILE_NO_TARGET>

<!--  The specified target was not found in the settings file.  This message will be
     followed by the list of targets in the settings file.
 -->
<DB2VSREG_SETTINGS_TARGET_NOT_FOUND>
The specified target was not found.  Valid targets are:
</DB2VSREG_SETTINGS_TARGET_NOT_FOUND>

<!--  The settings file contains an unrecognized command.  This message will be
     followed by the offending command.
 -->
<DB2VSREG_SETTINGS_FILE_UNKNOWN_COMMAND>
The settings file contains an unrecognized command:
</DB2VSREG_SETTINGS_FILE_UNKNOWN_COMMAND>
 
<!--  The settings file contained a File node with unrecognized type.
 -->
<DB2VSREG_SETTINGS_FILE_UNKNOWN_FILE_TYPE>
The settings file contains a missing or unrecognized file registration type.
</DB2VSREG_SETTINGS_FILE_UNKNOWN_FILE_TYPE>

<!--  The settings file contains a File node with self-reg type but no file name.
 -->
<DB2VSREG_SETTINGS_FILE_NODE_NO_FILE_NAME>
The settings file contains a File node with no file name.
</DB2VSREG_SETTINGS_FILE_NODE_NO_FILE_NAME>


<!--  An error during registration.  This is a pretty generic message.
 -->
<DB2VSREG_NODE_REGISTRATION_ERROR>
An error occurred during registration.
</DB2VSREG_NODE_REGISTRATION_ERROR>    

<!--  An error during registration.  This is a pretty generic message.
 -->
<DB2VSREG_TARGET_REGISTRATION_ERROR>
An error occurred during registration.
</DB2VSREG_TARGET_REGISTRATION_ERROR>    

<!--  An error during registration.  This is a pretty generic message.
 -->
<DB2VSREG_MAIN_REGISTRATION_ERROR>
An error occurred during registration.
</DB2VSREG_MAIN_REGISTRATION_ERROR>    

<!--  An error during registration of a File node.
 -->
<DB2VSREG_FILE_REGISTRATION_ERROR>
An error occurred during registration of a file.
</DB2VSREG_FILE_REGISTRATION_ERROR>

<!--  The self-registration function was not found in a self-registering file.
 -->
<DB2VSREG_SELFREG_ENTRYPOINT_NOT_FOUND>
The file is not a self-registering file.
</DB2VSREG_SELFREG_ENTRYPOINT_NOT_FOUND>

<!--  The settings file contains an invalid Script node. 
     The type is either missing or unrecognized, or there is no script.
 -->
<DB2VSREG_SETTINGS_FILE_INVALID_SCRIPT_NODE>
The settings file contains an invalid Script node.  
Either the type is missing or unrecognized, or there is no script.
</DB2VSREG_SETTINGS_FILE_INVALID_SCRIPT_NODE>

<!--  Script execution failed.
 -->
<DB2VSREG_SCRIPT_EXECUTION_FAILED>
Creation of registry entries failed.
</DB2VSREG_SCRIPT_EXECUTION_FAILED>

<!--  A script contains an improperly-defined substitution.
 -->
<DB2VSREG_SCRIPT_INVALID_SUBSTITUTION>
A script contains an improperly-defined substitution.
</DB2VSREG_SCRIPT_INVALID_SUBSTITUTION>

<!--  The settings file contains Variable node with an unrecognized type.
     NOTE:  the literal 'Variable' in this message should not be translated.
 -->
<DB2VSREG_SETTINGS_INVALID_VARIABLE_NODE>
The settings file contains a Variable node with missing or unrecognized attributes.
</DB2VSREG_SETTINGS_INVALID_VARIABLE_NODE>

<!--  An error occurred while setting an environment variable.
 -->
<DB2VSREG_VARIABLE_NODE_FAILED>
An error occurred while setting a variable.
</DB2VSREG_VARIABLE_NODE_FAILED>

<!--  A command node has missing or unrecognized attributes.
     NOTE: the literal 'Command' in this string should not be translated.
 -->
<DB2VSREG_SETTINGS_INVALID_COMMAND_NODE>
The settings file contains a Command node with missing or unrecognized attributes.
</DB2VSREG_SETTINGS_INVALID_COMMAND_NODE>

<!--  An external command failed to execute.
 -->
<DB2VSREG_COMMAND_EXECUTION_FAILED>
An external command failed to execute.
</DB2VSREG_COMMAND_EXECUTION_FAILED>

<!--  An external command started, but did not complete
     within the expected amount of time.
 -->
<DB2VSREG_COMMAND_EXECUTION_TIMEOUT>
An external command did not complete within the expected amount of time.
</DB2VSREG_COMMAND_EXECUTION_TIMEOUT>

<!--  An external command completed with an exit code
     generally indicating an error.
 -->
<DB2VSREG_COMMAND_FAILED>
An external command exited with a failure code.
</DB2VSREG_COMMAND_FAILED>

<!--  The settings file contains a Help registration node
     with missing or unrecognized attributes.
     NOTE: the literal 'Help' should not be translated in this string.
 -->
<DB2VSREG_SETTINGS_INVALID_HELP_NODE>
The settings file contains a Help node with missing or unrecognized attributes.
</DB2VSREG_SETTINGS_INVALID_HELP_NODE>

<!--  Help registration requires the language to be specified
     using the -lang command line parameter.
     NOTE: the literal '-lang' should not be translated in this string.
 -->
<DB2VSREG_HELP_NO_LANG>
No language was specified.  Use the -lang command line parameter to specify a language.
</DB2VSREG_HELP_NO_LANG>

<!--  Help registration has failed.
 -->
<DB2VSREG_HELP_REGISTRATION_FAILED>
Help registration failed.
</DB2VSREG_HELP_REGISTRATION_FAILED>

<!--  Invalid Autodetection node.
     NOTE: the literal 'Autodetect' should not be translated in this string.
 -->
<DB2VSREG_SETTINGS_INVALID_AUTODECT_NODE>
The settings file contains an Autodetect node with missing or unrecognized attributes.
</DB2VSREG_SETTINGS_INVALID_AUTODECT_NODE>

<!--  Autodetection failed.
 -->
<DB2VSREG_AUTODETECTION_FAILED>
An error occurred while trying to determine what features to install.
</DB2VSREG_AUTODETECTION_FAILED>

<!--  self-registration failed. 
 -->
<DB2VSREG_SELFREG_FAILED>
The file did not register itself.
</DB2VSREG_SELFREG_FAILED>

<!--  Registering a CLR assembly for COM interoperation failed. 
 -->
<DB2VSREG_INTEROP_REGISTRATION_FAILED>
An error occurred during registration.
</DB2VSREG_INTEROP_REGISTRATION_FAILED>

<!--  This message is displayed when the registration program has determined
     that it should install support for VSIP 7.1, part of Microsoft Visual Studio .NET 2003.
 -->
<DB2VSREG_INSTALLING_VERSION_7.1>
Installing support for Microsoft Visual Studio .NET 2003.
</DB2VSREG_INSTALLING_VERSION_7.1>

<!--  This message is displayed when the -continue option is specified and
     at least one warning has occurred.
 -->
<DB2VSREG_INSTALLATION_WARNING>

WARNING: At least one warning indicating a potential problem with the 
installation has been reported.  The installation may not be complete or 
correct.
</DB2VSREG_INSTALLATION_WARNING>

<!--  The settings file has not been specified.  This should never happen because a
     default value is used if a value has not been set on the command line.  This
     is purely for paranoia.
     NOTE: the literal '-settings' in this string should not be translated.
 -->
<DB2VSREG_INSTALLATION_MISSING_SETTINGS>
The settings file has not been specified.  Use the -settings command line argument to
indicate the location of the AddinsReg.xml file.
</DB2VSREG_INSTALLATION_MISSING_SETTINGS>

<!--  This is displayed, followed by the name of the target on the same line, 
     when starting the installation of each target.
 -->
<DB2VSREG_INSTALLING_TARGET>
Installing target:
</DB2VSREG_INSTALLING_TARGET>

<DB2VSREG_UNINSTALLING_TARGET>
Uninstalling target:
</DB2VSREG_UNINSTALLING_TARGET>

<!--  This is displayed, followed by the name of the file being registered,
     when starting to register a file.
 -->
<DB2VSREG_REGISTERING_FILE>
Registering file:
</DB2VSREG_REGISTERING_FILE>

<DB2VSREG_UNREGISTERING_FILE>
Unregistering file:
</DB2VSREG_UNREGISTERING_FILE>

<!--  This is displayed when registering a script.
 -->
<DB2VSREG_REGISTERING_SCRIPT>
Adding registry settings.
</DB2VSREG_REGISTERING_SCRIPT>

<DB2VSREG_UNREGISTERING_SCRIPT>
Removing registry settings.
</DB2VSREG_UNREGISTERING_SCRIPT>

<!--  This is displayed when loading the menus into Visual Studio .Net
     by running devenv /setup
 -->
<DB2VSREG_RUNNING_DEVENV_SETUP>
Updating menus in Visual Studio .NET.
</DB2VSREG_RUNNING_DEVENV_SETUP>

<!--  This is displayed when detecting which versions of Visual Studio .Net are installed.
 -->
<DB2VSREG_REGISTERING_AUTODETECT>
Detecting which targets to register.
</DB2VSREG_REGISTERING_AUTODETECT>

<DB2VSREG_UNREGISTERING_AUTODETECT>
Detecting which targets to unregister.
</DB2VSREG_UNREGISTERING_AUTODETECT>

<!--  This is displayed when registering help
 -->
<DB2VSREG_REGISTERING_HELP>
Registering Help.
</DB2VSREG_REGISTERING_HELP>

<DB2VSREG_UNREGISTERING_HELP>
Unregistering Help.
</DB2VSREG_UNREGISTERING_HELP>

<!-- This is displayed when the settings file contains an invalid Condition node.  The literal 'Condition' should not be translated.
-->
<DB2VREG_SETTINGS_INVALID_CONDITION_NODE>
The settings file contains a Condition node with missing or unrecognized attributes.
</DB2VREG_SETTINGS_INVALID_CONDITION_NODE>

<!-- This is displayed when an unexpected error occurs while evaluating a Condition node.
-->
<DB2VSREG_CONDITION_FAILED>
An error occured while evaluating a condition.
</DB2VSREG_CONDITION_FAILED>

<!-- The location of the user settings files could not be determined.
-->
<DB2VSREG_USER_FILE_DELETION_UNKNOWN_ROOT>
The location of the user settings and cache files could not be determined.
</DB2VSREG_USER_FILE_DELETION_UNKNOWN_ROOT>

<!-- An error occurred while trying to delete the DB2 Addin generated
     cache and settings files.
-->
<DB2VSREG_USER_FILE_DELETION_FAILED>
An error occurred while attempting to delete user settings and cache files.
</DB2VSREG_USER_FILE_DELETION_FAILED>

<!-- This is displayed when starting to delete settings and cache files
     for DB2 Addins for Visual Studio .NET
-->
<DB2VSREG_DELETING_SETTINGS_FILES>
Deleting settings and cache files.
</DB2VSREG_DELETING_SETTINGS_FILES>

<!-- /EMJ - NEW MESSAGES ADDED 10-MAR-2003 -->
 
<DB2_GENERAL_ERROR>Error</DB2_GENERAL_ERROR> 

<NMP_DAWIZARD_NO_GEN_SQLSTMNT>SQL statements can not be generated when working offline with no live connections</NMP_DAWIZARD_NO_GEN_SQLSTMNT>
<NMP_DAWIZARD_NO_AUTO_GEN>Can Not Generate SQL</NMP_DAWIZARD_NO_AUTO_GEN>
<DB2_CONNECTION_EDITOR_TITLE>IBM Informix Connection Editor</DB2_CONNECTION_EDITOR_TITLE>
<DB2_CONSTRING_EDITOR_INVALID_CONSTRING>%1 is an invalid connection string. Please try again...</DB2_CONSTRING_EDITOR_INVALID_CONSTRING>

<GENERAL_PLACE_HOLDER_GENERIC_MSG>%1</GENERAL_PLACE_HOLDER_GENERIC_MSG>

<!-- Add Conn -->
<DlgTitleAddConn>Database Connection Properties</DlgTitleAddConn>
<!-- Connection tab -->
<TextConnection>Specify connection type and database alias that you want to use for your connection.</TextConnection>
<Disconnected>Disconnected</Disconnected>
<Connected>Connected</Connected>
<platformAndVersion>IDS platform and version</platformAndVersion>
<databaseType>Database type</databaseType>
<databaseVersion>Database version</databaseVersion>
<Version7>Version 7</Version7>
<Version8>Version 8</Version8>
<Version9>Version 9</Version9>
<ConnectionName>&amp;Connection name</ConnectionName>
<ConnectionType>Connection type</ConnectionType>
<TestConnection>&amp;Test Connection</TestConnection>
<TestConnectionSucceeded>Test connection succeeded</TestConnectionSucceeded>
<TestConnectionFailed>Test connection failed</TestConnectionFailed>
<Connection>Connection</Connection>

<!-- Buttons -->
<Ok>&amp;OK</Ok>
<Cancel>&amp;Cancel</Cancel>
<Apply>&amp;Apply</Apply>
<Reset>&amp;Reset</Reset>
<Help>&amp;Help</Help>

<!-- Retry Conn Dlg -->
<DlgTitleRetryConn>Database Authentication - %1</DlgTitleRetryConn>
<UseCurrentUIDPwd>Use your current User name and password.</UseCurrentUIDPwd>
<ConnReqd>A connection to %1 is required to complete this action.</ConnReqd>

<NullConnectionName>Connection name cannot be null</NullConnectionName>
<InvalidConnectionName>Invalid connection name</InvalidConnectionName>
<ConnectionFailed>Connection failed</ConnectionFailed>
<RetryConnection>Retry connection</RetryConnection>

<!-- Data Connections Options -->
<DataConnsOptions>Options</DataConnsOptions>
<StmtSep>Statement Seperator</StmtSep>
<MaxRows>Max Rows To Retrieve from Tables</MaxRows>
<DupConnError>Duplicate connection error! Please use a different database alias or user name and try again.</DupConnError>
<NoConnNameError>Connection name cannot be null. Please enter a connection name and try again.</NoConnNameError>
<OperationNotSupported>This operation is not supported on %1 platform.</OperationNotSupported>
<DB2PlatformLUW>IDS Database</DB2PlatformLUW>
<!-- Output Window -->
<IBMDB2OutputPane>IBM Informix Output Pane</IBMDB2OutputPane>
<IBMDB2MessagePane>IBM Informix Message Pane</IBMDB2MessagePane>
<IBMDB2OutputMessagePane>IBM Informix Output Message Pane</IBMDB2OutputMessagePane>
<!-- new addition -->
<IBMDB2DataResults>Informix Data Results</IBMDB2DataResults>
<IBMDB2ScriptResults>Informix Script Results</IBMDB2ScriptResults>
<!-- new addition end-->

<TaskGettingFromDatabase>Getting %1 from database connection %2</TaskGettingFromDatabase>
<TaskGettingSourceFromDatabase>Getting %1 source from database connection %2</TaskGettingSourceFromDatabase>
<TaskGettingDetailsFromDatabase>Getting %1 details from database connection %2</TaskGettingDetailsFromDatabase>
<RefreshingFromDatabase>Refreshing %1 from database connection %2</RefreshingFromDatabase>
<RefreshingDetailsFromDatabase>Refreshing %1 details from database connection %2</RefreshingDetailsFromDatabase>
<TaskRetrievedFromDatabase>Successfully retrieved %1 from database</TaskRetrievedFromDatabase>
<TaskRetrievedSourceFromDatabase>Successfully retrieved %1 source from database</TaskRetrievedSourceFromDatabase>
<TaskRetrievedDetailsFromDatabase>Successfully retrieved %1 details from database</TaskRetrievedDetailsFromDatabase>
<TaskGettingInstances>Getting server instances</TaskGettingInstances>
<TaskRetrievedInstances>Successfully retrieved server instances</TaskRetrievedInstances>
<TaskGettingDatabases>Getting databases for server %1</TaskGettingDatabases>
<TaskRetrievedDatabases>Successfully retrieved databases for server %1</TaskRetrievedDatabases>

<!-- New addition -->
<TransactionSuccessful>%1 Successful</TransactionSuccessful>
<!-- Generic error -->
<InvalidParams>Invalid or null parameters</InvalidParams>
<InvalidFile>Invalid file location</InvalidFile>
<GeneralError>Error occured</GeneralError>
<GeneralErrorWindow>Error: %1</GeneralErrorWindow>
<Warning>Warning</Warning>

<!-- Data Adapters -->
<DATA_ADAPTERS>Data Adapters</DATA_ADAPTERS>
<DataAdaptersFolder>Data Adapters folder</DataAdaptersFolder>
<DataAdapterFolder>Data Adapter</DataAdapterFolder>

<SelectStatement>Select Command</SelectStatement>
<InsertStatement>Insert Command</InsertStatement>
<DeleteStatement>Delete Command</DeleteStatement>
<UpdateStatement>Update Command</UpdateStatement>
<SQLCommand>SQL Command</SQLCommand>
<!-- Data Adapters Section end-->

<!-- internal nls requirements - no ui -->
<Autohide>Autohide</Autohide>

<!-- Messages for Data Adapters  -->
<ImportDuplicateDataAdapter>The Data Adapter %1 was not imported since it already exists in this connection.</ImportDuplicateDataAdapter>
<DuplicateDataAdapterName>Duplicate DataAdapter name</DuplicateDataAdapterName>
<NullDataAdapterName>DataAdapter name cannot be null</NullDataAdapterName>
<EmptySelectStatement>Unable to preview data for data adapter %1 since select statement is empty.</EmptySelectStatement>

<DataAdapterCreated>Successfully added data adapter %1</DataAdapterCreated>
<DataAdapterCreatedFromObject>Successfully added data adapter %1 for %2</DataAdapterCreatedFromObject>
<DataAdapterAddedToConnection>Successfully added data adapter %1 as %2</DataAdapterAddedToConnection>
<DataSetCreated>Successfully created DataSet</DataSetCreated>

<Error_DataAdapterCreate>Error occurred when creating data adapter</Error_DataAdapterCreate>
<Error_DataAdapterImport>Error occurred when importing data adapter</Error_DataAdapterImport>
<Error_DataAdapterExport>Error occurred when exporting data adapter</Error_DataAdapterExport>


<!-- Generate Dataset designer -->
<GENDATASET_TITLE>Generate DataSet</GENDATASET_TITLE>
<GENDATASET_DATASETSELECTION>DataSet Selection</GENDATASET_DATASETSELECTION>
<GENDATASET_NEWDATASET>Add to ne&amp;w DataSet</GENDATASET_NEWDATASET>
<GENDATASET_EXISTINGDATASET>Select exi&amp;sting DataSet</GENDATASET_EXISTINGDATASET>
<GENDATASET_GENERROR>Unable to create DataSet.</GENDATASET_GENERROR>
<GENDATASET_ADAPTERERROR>The select statement of the DataAdapter may be incorrect or empty.</GENDATASET_ADAPTERERROR>
<GENDATASET_PROJECTERROR>No project has been selected to add the DataSet to.</GENDATASET_PROJECTERROR>
<GENDATASET_SUBTITLE>DataSet</GENDATASET_SUBTITLE>

<!-- Discovery -->
<ErrorOnDatabaseDiscovery>Error occurred during discovery of databases</ErrorOnDatabaseDiscovery>

<!-- Custom Connection Editor -->
<CONN_DETAIL_DSC>Select a data connection from the drop-down list. This list includes the data connections that are currently in the IBM Explorer. If you want to add a new connection, click New Connection.</CONN_DETAIL_DSC>
<DEFAULT_OWNER>Default owner</DEFAULT_OWNER>
<PLATFORM>Platform</PLATFORM>
<OPTIONS_TAB_TITLE>Options</OPTIONS_TAB_TITLE>
<CONN_HOST_LABEL>Host:</CONN_HOST_LABEL>
<CONN_SERVER_LABEL>Informix Server:</CONN_SERVER_LABEL>
<CONN_DB_LABEL>Database:</CONN_DB_LABEL>
<CONN_PROTOCOL_LABEL>Protocol:</CONN_PROTOCOL_LABEL>
<CONN_USER_LABEL>User Name:</CONN_USER_LABEL>
<CONN_PASSWORD_LABEL>Password:</CONN_PASSWORD_LABEL>
<CONN_CLIENTLOCALE_LABEL>Client Locale:</CONN_CLIENTLOCALE_LABEL>
<CONN_CONN_LIFETIME_LABEL>Connection Lifetime:</CONN_CONN_LIFETIME_LABEL>
<CONN_DBLOCALE_LABEL>DB Locale:</CONN_DBLOCALE_LABEL>
<CONN_EXCLUSIVE_LABEL>Exclusive:</CONN_EXCLUSIVE_LABEL>
<CONN_MAX_POOL_SIZE_LABEL>Max Pool Size:</CONN_MAX_POOL_SIZE_LABEL>
<CONN_MIN_POOL_SIZE_LABEL>Min Pool Size:</CONN_MIN_POOL_SIZE_LABEL>
<CONN_OPTOFC_LABEL>Optimize OpenFetchClose:</CONN_OPTOFC_LABEL>
<CONN_PERSISTSECURITY_LABEL>Persist Security Info:</CONN_PERSISTSECURITY_LABEL>
<CONN_POOLING_LABEL>Pooling:</CONN_POOLING_LABEL>
<CONN_SERVICE_LABEL>Service:</CONN_SERVICE_LABEL>
<CONN_TIMEOUT_LABEL>Connection Timeout:</CONN_TIMEOUT_LABEL>
<!-- Connect menu options when clicking on a DB2DataAdapter instance on the component tray -->
<OPT_ADAP_CONFIGURE_DATA_ADAPTER>Configure Data Adapter...</OPT_ADAP_CONFIGURE_DATA_ADAPTER>
<OPT_ADAP_GEN_DATASET>Generate Dataset...</OPT_ADAP_GEN_DATASET>
<OPT_ADAP_PREV_DATA>Preview Data...</OPT_ADAP_PREV_DATA>

<!-- Generate DataSet dialogue form -->
<GEN_DSET_DLG_DATA_SET>&amp;Generate Dataset</GEN_DSET_DLG_DATA_SET>
<GEN_DSET_DLG_NEW>&amp;New</GEN_DSET_DLG_NEW>
<GEN_DSET_DLG_EXISTING>&amp;Existing</GEN_DSET_DLG_EXISTING>
<GEN_DSET_DLG_DESC>Choose a &amp;dataset that includes the specified table</GEN_DSET_DLG_DESC>
<GEN_DSET_DLG_CHOOSE_DSET>&amp;Choose a dataset</GEN_DSET_DLG_CHOOSE_DSET>
<GEN_DSET_DLG_TABLE_LIST>Choose one ore more &amp;table(s) to add to the dataset</GEN_DSET_DLG_TABLE_LIST>
<GEN_DSET_DLG_ADD_DESIGN>&amp;Add this dataset to the designer</GEN_DSET_DLG_ADD_DESIGN>


<INSERT_CODE_FRAGMENTS>&amp;Insert code fragments...</INSERT_CODE_FRAGMENTS>
</NLS_STRINGS>
